[{"model": "contenttypes.contenttype", "pk": 1, "fields": {"app_label": "admin", "model": "logentry"}}, {"model": "contenttypes.contenttype", "pk": 2, "fields": {"app_label": "auth", "model": "group"}}, {"model": "contenttypes.contenttype", "pk": 3, "fields": {"app_label": "auth", "model": "permission"}}, {"model": "contenttypes.contenttype", "pk": 4, "fields": {"app_label": "auth", "model": "user"}}, {"model": "contenttypes.contenttype", "pk": 5, "fields": {"app_label": "contenttypes", "model": "contenttype"}}, {"model": "contenttypes.contenttype", "pk": 6, "fields": {"app_label": "sessions", "model": "session"}}, {"model": "contenttypes.contenttype", "pk": 7, "fields": {"app_label": "scraping", "model": "url"}}, {"model": "contenttypes.contenttype", "pk": 8, "fields": {"app_label": "scraping", "model": "specialty"}}, {"model": "contenttypes.contenttype", "pk": 9, "fields": {"app_label": "scraping", "model": "site"}}, {"model": "contenttypes.contenttype", "pk": 10, "fields": {"app_label": "scraping", "model": "city"}}, {"model": "contenttypes.contenttype", "pk": 11, "fields": {"app_label": "scraping", "model": "vacancy"}}, {"model": "sessions.session", "pk": "f4u8u4syyhpv9lrf2phvvdv3wf2et8dw", "fields": {"session_data": "OTVhMGVlOTY4ZjViZWNjMzM4MjFmNmJiYTNiOGNkNjA0NTEzOGNlMjp7Il9hdXRoX3VzZXJfYmFja2VuZCI6ImRqYW5nby5jb250cmliLmF1dGguYmFja2VuZHMuTW9kZWxCYWNrZW5kIiwiX2F1dGhfdXNlcl9oYXNoIjoiMmJhNGVjN2Y1MTJmZmZhNWY4NWUwOGRhNDM2NzllNDFmM2EyNzNlNSIsIl9hdXRoX3VzZXJfaWQiOiIxIn0=", "expire_date": "2018-04-22T08:17:37.807Z"}}, {"model": "sessions.session", "pk": "lnvqedat77so7klavqe8ybreb5h81il2", "fields": {"session_data": "OTc0YjliZTJlYmFmYjVmZDI5NjIwY2EwY2RhYTczNDE2Mjg1NzA1ZDp7Il9hdXRoX3VzZXJfaGFzaCI6IjJiYTRlYzdmNTEyZmZmYTVmODVlMDhkYTQzNjc5ZTQxZjNhMjczZTUiLCJfYXV0aF91c2VyX2JhY2tlbmQiOiJkamFuZ28uY29udHJpYi5hdXRoLmJhY2tlbmRzLk1vZGVsQmFja2VuZCIsIl9hdXRoX3VzZXJfaWQiOiIxIn0=", "expire_date": "2018-04-19T09:45:38.675Z"}}, {"model": "scraping.city", "pk": 1, "fields": {"name": "\u041a\u0438\u0435\u0432"}}, {"model": "scraping.site", "pk": 1, "fields": {"name": "Work.ua"}}, {"model": "scraping.site", "pk": 2, "fields": {"name": "Rabota.ua"}}, {"model": "scraping.site", "pk": 3, "fields": {"name": "Djinni.co"}}, {"model": "scraping.site", "pk": 4, "fields": {"name": "Dou.ua"}}, {"model": "scraping.specialty", "pk": 1, "fields": {"name": "Python"}}, {"model": "scraping.url", "pk": 1, "fields": {"city": 1, "site": 1, "specialty": 1, "address": "https://www.work.ua/jobs-kyiv-python/?days=122"}}, {"model": "scraping.url", "pk": 2, "fields": {"city": 1, "site": 2, "specialty": 1, "address": "https://rabota.ua/jobsearch/vacancy_list?regionId=1&keyWords=Python&period=2&lastdate="}}, {"model": "scraping.url", "pk": 3, "fields": {"city": 1, "site": 3, "specialty": 1, "address": "https://djinni.co/jobs/?primary_keyword=Python&location=%D0%9A%D0%B8%D0%B5%D0%B2"}}, {"model": "scraping.url", "pk": 4, "fields": {"city": 1, "site": 4, "specialty": 1, "address": "https://jobs.dou.ua/vacancies/?city=%D0%9A%D0%B8%D0%B5%D0%B2&category=Python"}}, {"model": "scraping.vacancy", "pk": 1, "fields": {"title": "Python Software Engineer (\u043a\u043e\u043c\u0430\u043d\u0434\u0430 Kabanchik)", "url": "https://djinni.co/jobs/21187-junior-python-software-engineer-komanda-kaban/", "description": "\u041a\u043e\u043c\u043f\u0430\u043d\u0456\u044f EVO \u0443 \u043f\u043e\u0448\u0443\u043a\u0430\u0445 Junior Python Software Engineer \u0434\u043b\u044f \u0440\u043e\u0431\u043e\u0442\u0438 \u0432 \u043a\u043e\u043c\u0430\u043d\u0434\u0443 (Kabanchik)", "company": "", "city": 1, "site": 3, "specialty": 1, "timestamp": "2018-04-05"}}, {"model": "scraping.vacancy", "pk": 2, "fields": {"title": "Junior/Middle Python Software Engineer (\u043f\u0440\u043e\u0435\u043a\u0442 Prom.ua)", "url": "https://djinni.co/jobs/21195-junior-middle-python-software-engineer-proekt/", "description": "\u041a\u043e\u043c\u0430\u043d\u0434\u0430 BackOffice \u043f\u0440\u043e\u0435\u043a\u0442\u0443 Prom.ua \u0448\u0443\u043a\u0430\u0454 Junior/Middle Python Software Engineer\u2019a \u0434\u043b\u044f \u0440\u043e\u0431\u043e\u0442\u0438 \u043d\u0430\u0434 \u043f\u0440\u043e\u0435\u043a\u0442\u043e\u043c Prom.ua", "company": "", "city": 1, "site": 3, "specialty": 1, "timestamp": "2018-04-05"}}, {"model": "scraping.vacancy", "pk": 3, "fields": {"title": "Python Developer", "url": "https://djinni.co/jobs/25259-python-developer/", "description": "The key project for one of the biggest mobile operators in Ukraine.", "company": "", "city": 1, "site": 3, "specialty": 1, "timestamp": "2018-04-05"}}, {"model": "scraping.vacancy", "pk": 4, "fields": {"title": "Python Developer", "url": "https://djinni.co/jobs/25253-python-developer/", "description": "\u041a\u043e\u043c\u0430\u043d\u0434\u0430 Digital \u0440\u0430\u0431\u043e\u0442\u0430\u0435\u0442 \u0432 \u043f\u0440\u043e\u0435\u043a\u0442\u0435, \u0441\u0432\u044f\u0437\u0430\u043d\u043d\u043e\u043c \u0441 \u0432\u043d\u0435\u0434\u0440\u0435\u043d\u0438\u0435\u043c 4G \u0438 \u0432\u0441\u0435\u043c, \u0447\u0442\u043e \u043a\u0430\u0441\u0430\u0435\u0442\u0441\u044f \u0432\u0438\u0437\u0443\u0430\u043b\u0438\u0437\u0430\u0446\u0438\u0438 \u0434\u043b\u044f \u043f\u043e\u043b\u044c\u0437\u043e\u0432\u0430\u0442\u0435\u043b\u044f. \r\n\u041d\u0430 \u043d\u0430\u0448\u0435\u0439 \u0441\u0442\u043e\u0440\u043e\u043d\u0435 \u0435\u0441\u0442\u044c 4 \u0440\u0430\u0437\u0440\u0430\u0431\u043e\u0442\u0447\u0438\u043a\u0430 (FE \u0438 BE), \u0438\u0449\u0435\u043c 5\u0433\u043e.", "company": "", "city": 1, "site": 3, "specialty": 1, "timestamp": "2018-04-05"}}, {"model": "scraping.vacancy", "pk": 5, "fields": {"title": "Python Intern", "url": "https://djinni.co/jobs/25151-python-intern/", "description": "Python Intern, we are looking for you!\r\nJoin our progressive team at SoftServe, Kyiv.", "company": "", "city": 1, "site": 3, "specialty": 1, "timestamp": "2018-04-05"}}, {"model": "scraping.vacancy", "pk": 6, "fields": {"title": "Middle Python Developer (Innovative Tool)", "url": "https://djinni.co/jobs/25130-middle-python-developer-innovative-tool-/", "description": "Sigma Software is looking for a smart and curious Middle Python Developer to join us and create a real-time interactive solution.", "company": "", "city": 1, "site": 3, "specialty": 1, "timestamp": "2018-04-05"}}, {"model": "scraping.vacancy", "pk": 7, "fields": {"title": "Python/Django Geek", "url": "https://djinni.co/jobs/21208-python-django-geek/", "description": "We are web/mobile Product Engineering band. Currently, we plan to strengthen our team of INSPIRING BLOCKCHAIN E-GOVERNMENT PROJECT with experienced Python/Django Geek.", "company": "", "city": 1, "site": 3, "specialty": 1, "timestamp": "2018-04-05"}}, {"model": "scraping.vacancy", "pk": 8, "fields": {"title": "Middle Python Developer", "url": "https://djinni.co/jobs/21971-middle-python-developer/", "description": "Our Company is developing platforms and content for the online gaming industry. We are part of an international holding that has been developing marketing, gaming and financial software for more than 10 years.", "company": "", "city": 1, "site": 3, "specialty": 1, "timestamp": "2018-04-05"}}, {"model": "scraping.vacancy", "pk": 9, "fields": {"title": "Python developer", "url": "https://djinni.co/jobs/21533-python-developer/", "description": "\u041a\u043e\u043c\u043f\u0430\u043d\u0438\u044f Redwerk \u0438\u0449\u0435\u0442 Middle Python developer. \u041f\u0440\u043e\u0435\u043a\u0442\u044b \u0441 back-end \u043d\u0430 Python \u043f\u043e \u0441\u0432\u043e\u0435\u0439 \u043d\u0430\u043f\u0440\u0430\u0432\u043b\u0435\u043d\u043d\u043e\u0441\u0442\u0438 \u043e\u0447\u0435\u043d\u044c \u0440\u0430\u0437\u043d\u043e\u043e\u0431\u0440\u0430\u0437\u043d\u044b\u0435. \u0418\u0437 \u0444\u0440\u0435\u0439\u043c\u0432\u043e\u0440\u043a\u043e\u0432 \u0441\u0435\u0439\u0447\u0430\u0441 \u0432 \u043e\u0441\u043d\u043e\u0432\u043d\u043e\u043c \u0438\u0441\u043f\u043e\u043b\u044c\u0437\u0443\u0435\u043c Django, Tornado \u0438 Flask.", "company": "", "city": 1, "site": 3, "specialty": 1, "timestamp": "2018-04-05"}}, {"model": "scraping.vacancy", "pk": 10, "fields": {"title": "Python developer \u0432 SaaS", "url": "https://djinni.co/jobs/15822-python-developer-v-saas/", "description": "\u0421\u0435\u0440\u0432\u0438\u0441 LOOQME \u043f\u043e\u043c\u043e\u0433\u0430\u0435\u0442 \u043a\u043e\u043c\u043f\u0430\u043d\u0438\u044f\u043c \u044d\u043a\u043e\u043d\u043e\u043c\u0438\u0442\u044c \u0432\u0440\u0435\u043c\u044f \u043d\u0430 \u0441\u0431\u043e\u0440\u0435 \u0434\u0430\u043d\u043d\u044b\u0445 \u0432 \u043c\u0435\u0434\u0438\u0430 \u0438 \u044d\u0444\u0444\u0435\u043a\u0442\u0438\u0432\u043d\u0435\u0435 \u0438\u0441\u043f\u043e\u043b\u044c\u0437\u043e\u0432\u0430\u0442\u044c \u0441\u0432\u043e\u0439 \u0440\u0435\u0441\u0443\u0440\u0441 \u043d\u0430 PR. \u0423 \u043d\u0430\u0441 \u0443\u0436\u0435 \u0431\u043e\u043b\u0435\u0435 150 \u043a\u043b\u0438\u0435\u043d\u0442\u043e\u0432 \u0432 \u0423\u043a\u0440\u0430\u0438\u043d\u0435. \u0412 \u043e\u0441\u043d\u043e\u0432\u043d\u043e\u043c \u044d\u0442\u043e \u043a\u0440\u0443\u043f\u043d\u044b\u0439 \u0431\u0438\u0437\u043d\u0435\u0441 \u0438\u0437 \u0440\u0430\u0437\u0440\u044f\u0434\u0430 McDonald's, Lenovo \u0438 \u041a\u0438\u0435\u0432\u0441\u0442\u0430\u0440.", "company": "", "city": 1, "site": 3, "specialty": 1, "timestamp": "2018-04-05"}}, {"model": "scraping.vacancy", "pk": 11, "fields": {"title": "Software Developer with Blockchain", "url": "https://djinni.co/jobs/24782-software-developer-with-blockchain/", "description": "Mobilunity is an IT outsourcing company that successfully exports services in a sphere of web systems design and development, search engine promotion and maintenance, customer support and works with clients worldwide for more than 7 years.", "company": "", "city": 1, "site": 3, "specialty": 1, "timestamp": "2018-04-05"}}, {"model": "scraping.vacancy", "pk": 12, "fields": {"title": "Python Developer", "url": "https://djinni.co/jobs/21800-python-developer/", "description": "Python Developer", "company": "", "city": 1, "site": 3, "specialty": 1, "timestamp": "2018-04-05"}}, {"model": "scraping.vacancy", "pk": 13, "fields": {"title": "Python Developer", "url": "https://djinni.co/jobs/21833-python-developer/", "description": "\u041a\u043e\u043c\u043f\u0430\u043d\u0438\u044f Redwerk \u0432 \u043f\u043e\u0438\u0441\u043a\u0430\u0445 \u0442\u0430\u043b\u0430\u043d\u0442\u043b\u0438\u0432\u043e\u0433\u043e Python Developer", "company": "", "city": 1, "site": 3, "specialty": 1, "timestamp": "2018-04-05"}}, {"model": "scraping.vacancy", "pk": 14, "fields": {"title": "Middle Python Back-End Developer", "url": "https://djinni.co/jobs/8184-python-developer/", "description": "Cools.com is the leader in the New York market. It is a\u00a0Big Data eCommerce startup working with world-famous brands as Gucci, Prada, Chanel.\u00a0Our 12-strong team engineering team develops the COOLS Ecosystem which relies on advanced technologies.", "company": "", "city": 1, "site": 3, "specialty": 1, "timestamp": "2018-04-05"}}, {"model": "scraping.vacancy", "pk": 15, "fields": {"title": "Python Software Engineer", "url": "https://djinni.co/jobs/20739-python-software-engineer/", "description": "SPS Commerce is a global technology leader in data exchange within the supply chain and retail industry supporting 70 000 partners; it is also the largest cloud company headquartered in Minneapolis, United States.", "company": "", "city": 1, "site": 3, "specialty": 1, "timestamp": "2018-04-05"}}, {"model": "scraping.vacancy", "pk": 16, "fields": {"title": "Python/Django Web Developer", "url": "https://djinni.co/jobs/19180-python-django-web-developer/", "description": "We are currently searching for a Python/Django Web Developer experienced, passionate about vision and idea of our product. .", "company": "", "city": 1, "site": 3, "specialty": 1, "timestamp": "2018-04-05"}}, {"model": "scraping.vacancy", "pk": 17, "fields": {"title": "Full-Stack Developer", "url": "https://djinni.co/jobs/19182-full-stack-developer/", "description": "We are currently searching for a Full-stack Python/Django Web Developer with JavaScript experience, passionate about vision and idea of our product and able to work both on front-end and back-end sides.", "company": "", "city": 1, "site": 3, "specialty": 1, "timestamp": "2018-04-05"}}, {"model": "scraping.vacancy", "pk": 18, "fields": {"title": "Middle Python Developer", "url": "https://djinni.co/jobs/1828-middle-python-developer/", "description": "No Discription!", "company": "", "city": 1, "site": 3, "specialty": 1, "timestamp": "2018-04-05"}}, {"model": "scraping.vacancy", "pk": 19, "fields": {"title": "Deep Learning Engineer", "url": "https://djinni.co/jobs/24670-deep-learning-engineer/", "description": "Looking for highly responsible and motivated algorithm developer with solid knowledge in Deep learning", "company": "", "city": 1, "site": 3, "specialty": 1, "timestamp": "2018-04-05"}}, {"model": "scraping.vacancy", "pk": 20, "fields": {"title": "Python\\Django developer", "url": "https://djinni.co/jobs/19358-python-django-developer/", "description": "\u041d\u0430 \u0434\u0430\u043d\u043d\u044b\u0439 \u043c\u043e\u043c\u0435\u043d\u0442 \u043c\u044b \u0438\u0449\u0435\u043c Python\\Django \u0440\u0430\u0437\u0440\u0430\u0431\u043e\u0442\u0447\u0438\u043a\u0430 \u0434\u043b\u044f \u0440\u0435\u0430\u043b\u0438\u0437\u0430\u0446\u0438\u0438 \u0432\u043d\u0443\u0442\u0440\u0435\u043d\u043d\u0435\u0433\u043e \u043f\u0440\u043e\u0435\u043a\u0442\u0430 \u043a\u043e\u043c\u043f\u0430\u043d\u0438\u0438 \u0438 \u043f\u043e\u0441\u043b\u0435\u0434\u0443\u044e\u0449\u0435\u0439 \u0435\u0433\u043e \u043f\u043e\u0434\u0434\u0435\u0440\u0436\u043a\u0438.", "company": "", "city": 1, "site": 3, "specialty": 1, "timestamp": "2018-04-05"}}, {"model": "scraping.vacancy", "pk": 21, "fields": {"title": "Middle Python/Django Developer", "url": "https://djinni.co/jobs/24618-middle-python-django-developer/", "description": "\u0418\u0449\u0435\u043c \u0442\u0430\u043b\u0430\u043d\u0442\u043b\u0438\u0432\u044b\u0445 \u0440\u0430\u0437\u0440\u0430\u0431\u043e\u0442\u0447\u0438\u043a\u043e\u0432 \u0432 \u043f\u0440\u043e\u0434\u0443\u043a\u0442\u043e\u0432\u0443\u044e \u043a\u043e\u043c\u043f\u0430\u043d\u0438\u044e. \u0421 \u0432\u0430\u043c\u0438 \u043c\u044b \u0431\u0443\u0434\u0435\u043c \u0443\u043b\u0443\u0447\u0448\u0430\u0442\u044c \u0441\u0443\u0449\u0435\u0441\u0442\u0432\u0443\u044e\u0449\u0438\u0435 \u043f\u0440\u043e\u0435\u043a\u0442\u044b \u0438 \u0441\u0442\u0440\u043e\u0438\u0442\u044c \u043d\u043e\u0432\u044b\u0435 (\u043d\u0435 \u0430\u0443\u0442\u0441\u043e\u0440\u0441).", "company": "", "city": 1, "site": 3, "specialty": 1, "timestamp": "2018-04-05"}}, {"model": "scraping.vacancy", "pk": 22, "fields": {"title": "Middle Python Developer, \u0432\u0430\u043a\u0430\u043d\u0441\u0438\u044f \u043e\u0442 4 \u0430\u043f\u0440\u0435\u043b\u044f 2018", "url": "https://www.work.ua/jobs/3122424/", "description": "\n\u041f\u043e\u043b\u043d\u0430\u044f \u0437\u0430\u043d\u044f\u0442\u043e\u0441\u0442\u044c. \u041e\u043f\u044b\u0442 \u0440\u0430\u0431\u043e\u0442\u044b \u043e\u0442 1 \u0433\u043e\u0434\u0430. \u0412\u044b\u0441\u0448\u0435\u0435 \u043e\u0431\u0440\u0430\u0437\u043e\u0432\u0430\u043d\u0438\u0435.\nRobin8 the USA Blockchain company with head office in\u00a0New York is\u00a0seeking python developers who like\u2026", "company": "\u041f\u0430\u043b\u043a\u0438\u043d \u0410.\u042e., \u0424\u041b\u041f", "city": 1, "site": 1, "specialty": 1, "timestamp": "2018-04-05"}}, {"model": "scraping.vacancy", "pk": 23, "fields": {"title": "Junior Python Developer, \u0432\u0430\u043a\u0430\u043d\u0441\u0438\u044f \u043e\u0442 4 \u0430\u043f\u0440\u0435\u043b\u044f 2018", "url": "https://www.work.ua/jobs/3121914/", "description": "\n\u041f\u043e\u043b\u043d\u0430\u044f \u0437\u0430\u043d\u044f\u0442\u043e\u0441\u0442\u044c, \u0433\u043e\u0442\u043e\u0432\u044b \u0432\u0437\u044f\u0442\u044c \u0441\u0442\u0443\u0434\u0435\u043d\u0442\u0430. \u041e\u043f\u044b\u0442 \u0440\u0430\u0431\u043e\u0442\u044b \u043e\u0442 1 \u0433\u043e\u0434\u0430. \u0412\u044b\u0441\u0448\u0435\u0435 \u043e\u0431\u0440\u0430\u0437\u043e\u0432\u0430\u043d\u0438\u0435.\nRobin8\u00a0\u2014 \u043a\u043e\u043c\u043f\u0430\u043d\u0438\u044f \u0441\u00a0\u0433\u043b\u0430\u0432\u043d\u044b\u043c \u043e\u0444\u0438\u0441\u043e\u043c \u0432\u00a0\u041d\u044c\u044e-\u0419\u043e\u0440\u043a\u0435 \u0440\u0430\u0437\u0440\u0430\u0431\u0430\u0442\u044b\u0432\u0430\u0435\u0442 \u043f\u0440\u043e\u0434\u0443\u043a\u0442\u044b \u043d\u0430\u00a0\u0431\u0430\u0437\u0435 \u0442\u0435\u0445\u043d\u043e\u043b\u043e\u0433\u0438\u0439 Blockchain.\u2026", "company": "\u041f\u0430\u043b\u043a\u0438\u043d \u0410.\u042e., \u0424\u041b\u041f", "city": 1, "site": 1, "specialty": 1, "timestamp": "2018-04-05"}}, {"model": "scraping.vacancy", "pk": 24, "fields": {"title": "Python developer (middle), \u0432\u0430\u043a\u0430\u043d\u0441\u0438\u044f \u043e\u0442 5 \u0430\u043f\u0440\u0435\u043b\u044f 2018", "url": "https://www.work.ua/jobs/3098431/", "description": "\n\u041f\u043e\u043b\u043d\u0430\u044f \u0437\u0430\u043d\u044f\u0442\u043e\u0441\u0442\u044c. \u041e\u043f\u044b\u0442 \u0440\u0430\u0431\u043e\u0442\u044b \u043e\u0442 1 \u0433\u043e\u0434\u0430. \u0412\u044b\u0441\u0448\u0435\u0435 \u043e\u0431\u0440\u0430\u0437\u043e\u0432\u0430\u043d\u0438\u0435.\n\u041e\u0441\u043d\u043e\u0432\u043d\u044b\u0435 \u0437\u0430\u0434\u0430\u0447\u0438 \u0438\u00a0\u043e\u0431\u044f\u0437\u0430\u043d\u043d\u043e\u0441\u0442\u0438:   \u0420\u0430\u0437\u0432\u0438\u0442\u0438\u0435 \u0438\u00a0\u043f\u043e\u0434\u0434\u0435\u0440\u0436\u0430\u043d\u0438\u0435 \u0441\u0443\u0449\u0435\u0441\u0442\u0432\u0443\u044e\u0449\u0438\u0445 \u043f\u0440\u043e\u0435\u043a\u0442\u043e\u0432.   \u041d\u0430\u043f\u0438\u0441\u0430\u043d\u0438\u0435 \u0442\u0435\u0441\u0442\u043e\u0432.  \u2026", "company": "Lucky Labs", "city": 1, "site": 1, "specialty": 1, "timestamp": "2018-04-05"}}, {"model": "scraping.vacancy", "pk": 25, "fields": {"title": "Junior Python Developer, \u0432\u0430\u043a\u0430\u043d\u0441\u0438\u044f \u043e\u0442 4 \u0430\u043f\u0440\u0435\u043b\u044f 2018", "url": "https://www.work.ua/jobs/1977956/", "description": "\n\u041f\u043e\u043b\u043d\u0430\u044f \u0437\u0430\u043d\u044f\u0442\u043e\u0441\u0442\u044c, \u0433\u043e\u0442\u043e\u0432\u044b \u0432\u0437\u044f\u0442\u044c \u0441\u0442\u0443\u0434\u0435\u043d\u0442\u0430. \u041e\u043f\u044b\u0442 \u0440\u0430\u0431\u043e\u0442\u044b \u043e\u0442 1 \u0433\u043e\u0434\u0430.\nDB2 Limited is\u00a0looking for a\u00a0Junior Python Developer for a\u00a0full-time position in\u00a0Kiev, Ukraine. DB2 it\u2019s\u2026", "company": "DB2 Limited", "city": 1, "site": 1, "specialty": 1, "timestamp": "2018-04-05"}}, {"model": "scraping.vacancy", "pk": 26, "fields": {"title": "Python Django developer, \u0432\u0430\u043a\u0430\u043d\u0441\u0438\u044f \u043e\u0442 4 \u0430\u043f\u0440\u0435\u043b\u044f 2018", "url": "https://www.work.ua/jobs/3077144/", "description": "\n\u041f\u043e\u043b\u043d\u0430\u044f \u0437\u0430\u043d\u044f\u0442\u043e\u0441\u0442\u044c. \u041e\u043f\u044b\u0442 \u0440\u0430\u0431\u043e\u0442\u044b \u043e\u0442 2 \u043b\u0435\u0442.\n\u0412\u00a0\u0441\u0442\u0430\u0431\u0438\u043b\u044c\u043d\u0443\u044e\u00a0IT \u043a\u043e\u043c\u043f\u0430\u043d\u0438\u044e \u0442\u0440\u0435\u0431\u0443\u0435\u0442\u0441\u044f \u0440\u0430\u0437\u0440\u0430\u0431\u043e\u0442\u0447\u0438\u043a\u0434\u043b\u044f \u043f\u043e\u0434\u0434\u0435\u0440\u0436\u0430\u043d\u0438\u044f \u0438\u043c\u0435\u044e\u0449\u0438\u0445\u0441\u044f \u043f\u0440\u043e\u0434\u0443\u043a\u0442\u043e\u0432 \u0438\u00a0\u043d\u0430\u043f\u0438\u0441\u0430\u043d\u0438\u044f \u043d\u043e\u0432\u044b\u0445.\u2026", "company": "No name", "city": 1, "site": 1, "specialty": 1, "timestamp": "2018-04-05"}}, {"model": "scraping.vacancy", "pk": 27, "fields": {"title": "Middle Python Software Engineer, \u0432\u0430\u043a\u0430\u043d\u0441\u0438\u044f \u043e\u0442 4 \u0430\u043f\u0440\u0435\u043b\u044f 2018", "url": "https://www.work.ua/jobs/878248/", "description": "\n\u041f\u043e\u043b\u043d\u0430\u044f \u0437\u0430\u043d\u044f\u0442\u043e\u0441\u0442\u044c. \u041e\u043f\u044b\u0442 \u0440\u0430\u0431\u043e\u0442\u044b \u043e\u0442 5 \u043b\u0435\u0442. \u0412\u044b\u0441\u0448\u0435\u0435 \u043e\u0431\u0440\u0430\u0437\u043e\u0432\u0430\u043d\u0438\u0435.\nWe\u00a0are looking for a\u00a0Software Engineer to\u00a0join our ever growing Engineering team Position: As\u00a0a\u00a0Software\u2026", "company": "PortaOne", "city": 1, "site": 1, "specialty": 1, "timestamp": "2018-04-05"}}, {"model": "scraping.vacancy", "pk": 28, "fields": {"title": "Python developer, \u0432\u0430\u043a\u0430\u043d\u0441\u0438\u044f \u043e\u0442 4 \u0430\u043f\u0440\u0435\u043b\u044f 2018", "url": "https://www.work.ua/jobs/3096980/", "description": "\n\u041f\u043e\u043b\u043d\u0430\u044f \u0437\u0430\u043d\u044f\u0442\u043e\u0441\u0442\u044c. \u041e\u043f\u044b\u0442 \u0440\u0430\u0431\u043e\u0442\u044b \u043e\u0442 2 \u043b\u0435\u0442.\nProject description Comodo Dome Shield is\u00a0a\u00a0Cloud Delivered DNS Based Security as\u00a0a-Service (SaaS) solution\u2026", "company": "Comodo Group, inc.", "city": 1, "site": 1, "specialty": 1, "timestamp": "2018-04-05"}}, {"model": "scraping.vacancy", "pk": 29, "fields": {"title": "Python developer, \u0432\u0430\u043a\u0430\u043d\u0441\u0438\u044f \u043e\u0442 4 \u0430\u043f\u0440\u0435\u043b\u044f 2018", "url": "https://www.work.ua/jobs/2802247/", "description": "\n\u041f\u043e\u043b\u043d\u0430\u044f \u0437\u0430\u043d\u044f\u0442\u043e\u0441\u0442\u044c. \u041e\u043f\u044b\u0442 \u0440\u0430\u0431\u043e\u0442\u044b \u043e\u0442 2 \u043b\u0435\u0442. \u0412\u044b\u0441\u0448\u0435\u0435 \u043e\u0431\u0440\u0430\u0437\u043e\u0432\u0430\u043d\u0438\u0435.\nFunctional Responsibilities:   Implementation of\u00a0software architecture.   Participation in\u00a0innovation\u2026", "company": "lifecell", "city": 1, "site": 1, "specialty": 1, "timestamp": "2018-04-05"}}, {"model": "scraping.vacancy", "pk": 30, "fields": {"title": "Python Developer, \u0432\u0430\u043a\u0430\u043d\u0441\u0438\u044f \u043e\u0442 5 \u0430\u043f\u0440\u0435\u043b\u044f 2018", "url": "https://www.work.ua/jobs/3064944/", "description": "\n\u041f\u043e\u043b\u043d\u0430\u044f \u0437\u0430\u043d\u044f\u0442\u043e\u0441\u0442\u044c. \u041e\u043f\u044b\u0442 \u0440\u0430\u0431\u043e\u0442\u044b \u043e\u0442 2 \u043b\u0435\u0442.\nHello there. We\u00a0are \u00abBoosta\u00bb \u2014 a\u00a0young Ukrainian team currently looking for talent. During the initial\u2026", "company": "Boosta ltd.", "city": 1, "site": 1, "specialty": 1, "timestamp": "2018-04-06"}}, {"model": "scraping.vacancy", "pk": 31, "fields": {"title": "pyhon developer", "url": "https://djinni.co/jobs/25369-pyhon-developer/", "description": "We are looking for python developer for parsing data from Internet", "company": "No name", "city": 1, "site": 3, "specialty": 1, "timestamp": "2018-04-06"}}, {"model": "scraping.vacancy", "pk": 32, "fields": {"title": "Middle Python developer", "url": "https://djinni.co/jobs/25364-middle-python-developer/", "description": "We\u2019re looking for Middle Python developer The project is a search-driven analytics platform that enables anyone to find answers and tell stories with their customer survey data.", "company": "No name", "city": 1, "site": 3, "specialty": 1, "timestamp": "2018-04-06"}}, {"model": "scraping.vacancy", "pk": 33, "fields": {"title": "Middle Python Software Engineer\r\n\r\n\t\t\t\t\t\t\t\t\t\t\r\n\r\n\t\t\t\t\t\t\t\t\t\t\r\n\t\t\t\t\t\t\t\t\t , 34\u00a0\u043c\u0438\u043d\u0443\u0442\u044b \u043d\u0430\u0437\u0430\u0434", "url": "https://rabota.ua/company52044/vacancy7027766", "description": "Python Software Engineer (Fulfillment) Are you looking for a software engineering role at a growing product technology company? Do you have working experience with development of the high loaded web applications?...", "company": "SPS Commerce (Ukraine) \r\n\t\t\t\t\t\t\t\t\t\t", "city": 1, "site": 2, "specialty": 1, "timestamp": "2018-04-06"}}, {"model": "scraping.vacancy", "pk": 34, "fields": {"title": "Build Engineer\r\n\r\n\t\t\t\t\t\t\t\t\t\t\r\n\r\n\t\t\t\t\t\t\t\t\t\t\r\n\t\t\t\t\t\t\t\t\t , 2\u00a0\u0447\u0430\u0441\u0430 \u043d\u0430\u0437\u0430\u0434", "url": "https://rabota.ua/company133752/vacancy7102489", "description": "Persha Studia, \u043a\u0438\u0435\u0432\u0441\u043a\u0430\u044f \u0441\u0442\u0443\u0434\u0438\u044f \u0440\u0430\u0437\u0440\u0430\u0431\u043e\u0442\u043a\u0438 \u043a\u043e\u043c\u043f\u0430\u043d\u0438\u0438 Wargaming, \u0438\u0449\u0435\u0442 Build Engineer \u0434\u043b\u044f \u0440\u0430\u0431\u043e\u0442\u044b \u043d\u0430\u0434 \u043f\u0440\u043e\u0435\u043a\u0442\u043e\u043c World of Warplanes 2.0. (\u0441\u0435\u0439\u0447\u0430\u0441 \u0438\u0433\u0440\u0430 \u0432\u044b\u0433\u043b\u044f\u0434\u0438\u0442 \u0432\u043e\u0442 \u0442\u0430\u043a: https://www.youtube.com/watch?v=hUsqQCFfuDA...", "company": "Wargaming / Persha Studia \r\n\t\t\t\t\t\t\t\t\t\t", "city": 1, "site": 2, "specialty": 1, "timestamp": "2018-04-06"}}, {"model": "scraping.vacancy", "pk": 35, "fields": {"title": "Big Data Engineer (Cybersecurity)\r\n\r\n\t\t\t\t\t\t\t\t\t\t\r\n\r\n\t\t\t\t\t\t\t\t\t\t\r\n\t\t\t\t\t\t\t\t\t , 14\u00a0\u0447\u0430\u0441\u043e\u0432 \u043d\u0430\u0437\u0430\u0434", "url": "https://rabota.ua/company788/vacancy7007093", "description": "Infopulse Ukraine opens a new domain and we are hiring talented professionals to join our brand new project and to work as a Big Data Engineer (Cybersecurity). Our customer Proximus is one of the largest...", "company": "Infopulse / \u0418\u043d\u0444\u043e\u043f\u0443\u043b\u044c\u0441 \r\n\t\t\t\t\t\t\t\t\t\t", "city": 1, "site": 2, "specialty": 1, "timestamp": "2018-04-06"}}, {"model": "scraping.vacancy", "pk": 36, "fields": {"title": "DBA/DevOps\r\n\r\n\t\t\t\t\t\t\t\t\t\t\r\n\r\n\t\t\t\t\t\t\t\t\t\t\r\n\t\t\t\t\t\t\t\t\t , 18\u00a0\u0447\u0430\u0441\u043e\u0432 \u043d\u0430\u0437\u0430\u0434", "url": "https://rabota.ua/company1701311/vacancy7140665", "description": "\u041d\u0435\u043e\u0431\u0445\u043e\u0434\u0438\u043c\u044b\u0435 \u043d\u0430\u0432\u044b\u043a\u0438: \u041e\u043f\u044b\u0442 \u0430\u0434\u043c\u0438\u043d\u0438\u0441\u0442\u0440\u0438\u0440\u043e\u0432\u0430\u043d\u0438\u044f \u0411\u0414 PostgreSQL \u043d\u0435 \u043c\u0435\u043d\u0435\u0435 2 \u043b\u0435\u0442, \u043e\u043f\u044b\u0442 \u0432 \u0430\u0434\u043c\u0438\u043d\u0438\u0441\u0442\u0440\u0438\u0440\u043e\u0432\u0430\u043d\u0438\u0438 mongoDB \u043d\u0435 \u043c\u0435\u043d\u0435\u0435 \u0433\u043e\u0434\u0430 \u0417\u043d\u0430\u043d\u0438\u0435 \u044f\u0437\u044b\u043a\u0430 \u0437\u0430\u043f\u0440\u043e\u0441\u043e\u0432 PostgreSQL \u0438 mongoshell \u043d\u0430 \u043e\u0447\u0435\u043d\u044c \u0432\u044b\u0441\u043e\u043a\u043e\u043c \u0443\u0440\u043e\u0432\u043d\u0435 \u041e\u043f\u044b\u0442 \u0432 \u043f\u043e\u0441\u0442\u0440\u043e\u0435\u043d\u0438\u0438...", "company": "Lucky Labs\t \r\n\t\t\t\t\t\t\t\t\t\t", "city": 1, "site": 2, "specialty": 1, "timestamp": "2018-04-06"}}, {"model": "scraping.vacancy", "pk": 37, "fields": {"title": "PHP developer\r\n\r\n\t\t\t\t\t\t\t\t\t\t\r\n\r\n\t\t\t\t\t\t\t\t\t\t\r\n\t\t\t\t\t\t\t\t\t , 19\u00a0\u0447\u0430\u0441\u043e\u0432 \u043d\u0430\u0437\u0430\u0434", "url": "https://rabota.ua/company6199593/vacancy6897121", "description": "Apricot is a company based in Poland with coworkers and clients all around the world. Our company is looking for a professional PHP developer to join our team. PHP Developer JOB DESCRIPTION Develop robust...", "company": "Apricot, \u041a\u0438\u0435\u0432\u0441\u043a\u0438\u0439 \u043e\u0444\u0438\u0441 \r\n\t\t\t\t\t\t\t\t\t\t", "city": 1, "site": 2, "specialty": 1, "timestamp": "2018-04-06"}}, {"model": "scraping.vacancy", "pk": 38, "fields": {"title": "Team Leader Python/Django\r\n\r\n\t\t\t\t\t\t\t\t\t\t\r\n\r\n\t\t\t\t\t\t\t\t\t\t\r\n\t\t\t\t\t\t\t\t\t , 20\u00a0\u0447\u0430\u0441\u043e\u0432 \u043d\u0430\u0437\u0430\u0434", "url": "https://rabota.ua/company2233360/vacancy7082679", "description": "\u0414\u043e\u043b\u0436\u043d\u043e\u0441\u0442\u043d\u044b\u0435 \u043e\u0431\u044f\u0437\u0430\u043d\u043d\u043e\u0441\u0442\u0438: \u0423\u043f\u0440\u0430\u0432\u043b\u0435\u043d\u0438\u0435 \u043a\u043e\u043c\u0430\u043d\u0434\u043e\u0439 \u043f\u0440\u043e\u0433\u0440\u0430\u043c\u043c\u0438\u0441\u0442\u043e\u0432. \u041f\u043e\u0441\u0442\u0430\u043d\u043e\u0432\u043a\u0430, \u0440\u0430\u0441\u043f\u0440\u0435\u0434\u0435\u043b\u0435\u043d\u0438\u044f \u0438 \u043a\u043e\u043d\u0442\u0440\u043e\u043b\u044c \u0437\u0430 \u0432\u044b\u043f\u043e\u043b\u043d\u0435\u043d\u0438\u0435\u043c \u0437\u0430\u0434\u0430\u0447 (\u0441\u0440\u043e\u043a\u0438, \u043a\u0430\u0447\u0435\u0441\u0442\u0432\u043e, \u0441\u043e\u043e\u0442\u0432\u0435\u0442\u0441\u0442\u0432\u0438\u0435 \u0441\u0442\u0430\u043d\u0434\u0430\u0440\u0442\u0430\u043c). \u041f\u043e\u0434\u0430\u0447\u0430 \u0437\u0430\u044f\u0432\u043e\u043a \u043e \u043d\u0435\u043e\u0431\u0445\u043e\u0434\u0438\u043c\u043e\u0441\u0442\u0438 \u0443\u0432\u0435\u043b\u0438\u0447\u0435\u043d\u0438\u044f...", "company": "TOP OFFER PARTNERS  \u0430\u0433\u0435\u043d\u0442\u0441\u0442\u0432\u043e", "city": 1, "site": 2, "specialty": 1, "timestamp": "2018-04-06"}}, {"model": "scraping.vacancy", "pk": 39, "fields": {"title": "Data Scientist / SQL Developer\r\n\r\n\t\t\t\t\t\t\t\t\t\t\r\n\r\n\t\t\t\t\t\t\t\t\t\t\r\n\t\t\t\t\t\t\t\t\t , 21\u00a0\u0447\u0430\u0441 \u043d\u0430\u0437\u0430\u0434", "url": "https://rabota.ua/company5179358/vacancy7160447", "description": "Takeoff Technologies Inc. has joined forces with CartFresh (technology powering Zakaz.ua in Ukraine) to revolutionize retail by enabling groceries to be sold online profitably. Takeoff is a well-funded...", "company": "Takeoff Technologies Inc. \r\n\t\t\t\t\t\t\t\t\t\t", "city": 1, "site": 2, "specialty": 1, "timestamp": "2018-04-06"}}, {"model": "scraping.vacancy", "pk": 40, "fields": {"title": "Python Engineer (HighLoad)\r\n\r\n\t\t\t\t\t\t\t\t\t\t\r\n\r\n\t\t\t\t\t\t\t\t\t\t\r\n\t\t\t\t\t\t\t\t\t , 21\u00a0\u0447\u0430\u0441 \u043d\u0430\u0437\u0430\u0434", "url": "https://rabota.ua/company908/vacancy7130192", "description": "We are looking for skilled and experienced Python Engineer for researching and developing software, algorithms and models for business intelligence within a new Data Engineering team. Our customer is the...", "company": "Levi9 \r\n\t\t\t\t\t\t\t\t\t\t", "city": 1, "site": 2, "specialty": 1, "timestamp": "2018-04-06"}}, {"model": "scraping.vacancy", "pk": 41, "fields": {"title": "Python developer (middle)\r\n\r\n\t\t\t\t\t\t\t\t\t\t\r\n\r\n\t\t\t\t\t\t\t\t\t\t\r\n\t\t\t\t\t\t\t\t\t , 23\u00a0\u0447\u0430\u0441\u0430 \u043d\u0430\u0437\u0430\u0434", "url": "https://rabota.ua/company1701311/vacancy7129941", "description": "\u041e\u0441\u043d\u043e\u0432\u043d\u044b\u0435 \u0437\u0430\u0434\u0430\u0447\u0438 \u0438 \u043e\u0431\u044f\u0437\u0430\u043d\u043d\u043e\u0441\u0442\u0438 : \u0420\u0430\u0437\u0432\u0438\u0442\u0438\u0435 \u0438 \u043f\u043e\u0434\u0434\u0435\u0440\u0436\u0430\u043d\u0438\u0435 \u0441\u0443\u0449\u0435\u0441\u0442\u0432\u0443\u044e\u0449\u0438\u0445 \u043f\u0440\u043e\u0435\u043a\u0442\u043e\u0432. \u041d\u0430\u043f\u0438\u0441\u0430\u043d\u0438\u0435 \u0442\u0435\u0441\u0442\u043e\u0432. \u0410\u0432\u0442\u043e\u043c\u0430\u0442\u0438\u0437\u0430\u0446\u0438\u044f \u043f\u0440\u043e\u0446\u0435\u0441\u0441\u043e\u0432. \u0414\u043b\u044f \u0432\u044b\u043f\u043e\u043b\u043d\u0435\u043d\u0438\u044f \u044d\u0442\u0438\u0445 \u0437\u0430\u0434\u0430\u0447 \u043d\u0435\u043e\u0431\u0445\u043e\u0434\u0438\u043c\u043e \u0437\u043d\u0430\u0442\u044c \u0438 \u0443\u043c\u0435\u0442\u044c: \u041e\u0431\u0443\u0447\u0430\u0435\u043c\u043e\u0441\u0442\u044c, \u0438\u043d\u0438\u0446\u0438\u0430\u0442\u0438\u0432\u043d\u043e\u0441\u0442\u044c...", "company": "Lucky Labs\t \r\n\t\t\t\t\t\t\t\t\t\t", "city": 1, "site": 2, "specialty": 1, "timestamp": "2018-04-06"}}, {"model": "scraping.vacancy", "pk": 42, "fields": {"title": "Data scientist (50266871)\r\n\r\n\t\t\t\t\t\t\t\t\t\t\r\n\r\n\t\t\t\t\t\t\t\t\t\t\r\n\t\t\t\t\t\t\t\t\t , 1\u00a0\u0434\u0435\u043d\u044c \u043d\u0430\u0437\u0430\u0434", "url": "https://rabota.ua/company806/vacancy7139544", "description": "Vodafone \u0423\u043a\u0440\u0430\u0457\u043d\u0430 - \u043c\u043e\u043b\u043e\u0434\u0430 \u0442\u0430 \u044f\u0441\u043a\u0440\u0430\u0432\u0430 \u043a\u043e\u043c\u0430\u043d\u0434\u0430 \u043b\u0456\u0434\u0435\u0440\u0456\u0432 \u0447\u0435\u043a\u0430\u0454 \u043d\u0430 \u0441\u0432\u043e\u0433\u043e \u0434\u043e\u0441\u0432\u0456\u0434\u0447\u0435\u043d\u043e\u0433\u043e Data Scientist. \u041c\u0438 \u0448\u0443\u043a\u0430\u0454\u043c\u043e \u043e\u0434\u043d\u043e\u0434\u0443\u043c\u0446\u044f \u0443 \u043a\u043e\u043c\u0430\u043d\u0434\u0443 \u043f\u0440\u043e\u0444\u0435\u0441\u0456\u043e\u043d\u0430\u043b\u0456\u0432, \u044f\u043a\u0438\u0439 \u043f\u0440\u0430\u0433\u043d\u0435 \u0437\u0440\u043e\u0441\u0442\u0430\u0442\u0438 \u0432 \u043f\u0440\u043e\u0432\u0456\u0434\u043d\u0456\u0439 \u043c\u0456\u0436\u043d\u0430\u0440\u043e\u0434\u043d\u0456\u0439 \u043a\u043e\u043c\u043f\u0430\u043d\u0456\u0457 \u0442\u0430 \u0432\u0438\u0440\u0456\u0448\u0443\u0432\u0430\u0442\u0438...", "company": "Vodafone \u0423\u043a\u0440\u0430\u0457\u043d\u0430  \r\n\t\t\t\t\t\t\t\t\t\t", "city": 1, "site": 2, "specialty": 1, "timestamp": "2018-04-06"}}, {"model": "scraping.vacancy", "pk": 43, "fields": {"title": "Junior Software Automation Engineer\r\n\r\n\t\t\t\t\t\t\t\t\t\t\r\n\r\n\t\t\t\t\t\t\t\t\t\t\r\n\t\t\t\t\t\t\t\t\t , 1\u00a0\u0434\u0435\u043d\u044c \u043d\u0430\u0437\u0430\u0434", "url": "https://rabota.ua/company444363/vacancy7066900", "description": "Intetics is looking for people who are not afraid about learning something new and love working with the most cutting-edge technologies! You will be automating business processes for various companies...", "company": "Intetics Inc \r\n\t\t\t\t\t\t\t\t\t\t", "city": 1, "site": 2, "specialty": 1, "timestamp": "2018-04-06"}}, {"model": "scraping.vacancy", "pk": 44, "fields": {"title": "Python Developer\r\n\r\n\t\t\t\t\t\t\t\t\t\t\r\n\r\n\t\t\t\t\t\t\t\t\t\t\r\n\t\t\t\t\t\t\t\t\t , 1\u00a0\u0434\u0435\u043d\u044c \u043d\u0430\u0437\u0430\u0434", "url": "https://rabota.ua/company2720363/vacancy7090902", "description": "Hello there. We are \u00abBoosta\u00bb - a young Ukrainian team currently looking for talent. During the initial stages of establishment, our goal was to build a radically new format of collaboration between employees...", "company": "Boosta ltd \r\n\t\t\t\t\t\t\t\t\t\t", "city": 1, "site": 2, "specialty": 1, "timestamp": "2018-04-06"}}, {"model": "scraping.vacancy", "pk": 45, "fields": {"title": "Python Django Software Engineer", "url": "https://jobs.dou.ua/companies/retargetapp/vacancies/51378/?from=list_hot", "description": "\n\t\t\t\t\t\t\u041c\u044b\u00a0\u043f\u0440\u043e\u0434\u0443\u043a\u0442\u043e\u0432\u0430\u044f \u043a\u043e\u043c\u0430\u043d\u0434\u0430 \u0438\u0437\u00a0\u041a\u0438\u0435\u0432\u0430. \u0420\u0430\u0437\u0440\u0430\u0431\u0430\u0442\u044b\u0432\u0430\u0435\u0442 \u0441\u0432\u043e\u0439 \u043f\u0440\u043e\u0434\u0443\u043a\u0442 \u0432\u00a0\u0441\u0444\u0435\u0440\u0435 eCommenre, \u044f\u0432\u043b\u044f\u0435\u043c\u0441\u044f Facebook Marketing Partner. \u041c\u044b\u00a0\u0438\u0449\u0435\u043c Middle/Senior Python Engineer-\u0430.\n\t\t\t\t\t", "company": "\u00a0RetargetApp", "city": 1, "site": 4, "specialty": 1, "timestamp": "2018-04-06"}}, {"model": "scraping.vacancy", "pk": 46, "fields": {"title": "Python Developer [Highload]", "url": "https://jobs.dou.ua/companies/quartesian/vacancies/57003/?from=list_hot", "description": "\n\t\t\t\t\t\tWe\u00a0have an\u00a0exciting opportunity for a\u00a0candidate to\u00a0join Core Platform Development team to\u00a0design, create and innovate new and existing technology stacks that form the software foundation used across all portfolio research groups.\n\t\t\t\t\t", "company": "\u00a0Quartesian", "city": 1, "site": 4, "specialty": 1, "timestamp": "2018-04-06"}}, {"model": "scraping.vacancy", "pk": 47, "fields": {"title": "Backend Engineer", "url": "https://jobs.dou.ua/companies/ring-ukraine/vacancies/61841/?from=list_hot", "description": "\n\t\t\t\t\t\tAbout Ring Ukraine\n\nWe\u00a0are a\u00a0hardcore research and product development company hungry to\u00a0build the next generation of\u00a0smart home security products.\n\t\t\t\t\t", "company": "\u00a0Ring Ukraine", "city": 1, "site": 4, "specialty": 1, "timestamp": "2018-04-06"}}, {"model": "scraping.vacancy", "pk": 48, "fields": {"title": "Full-Stack Engineer", "url": "https://jobs.dou.ua/companies/zakaz-ua/vacancies/60590/?from=list_hot", "description": "\n\t\t\t\t\t\tZakaz.ua\u00a0\u2014 \u043a\u043e\u043c\u043f\u0430\u043d\u0438\u044f, \u043a\u043e\u0442\u043e\u0440\u0430\u044f \u0441\u0442\u0440\u0435\u043c\u0438\u0442\u0441\u044f \u0441\u0434\u0435\u043b\u0430\u0442\u044c \u0436\u0438\u0437\u043d\u044c \u0441\u043e\u0432\u0440\u0435\u043c\u0435\u043d\u043d\u043e\u0433\u043e \u0436\u0438\u0442\u0435\u043b\u044f \u043c\u0435\u0433\u0430\u043f\u043e\u043b\u0438\u0441\u0430 \u043b\u0435\u0433\u0447\u0435\u00a0\u2014 \u043c\u044b\u00a0\u0441\u043e\u0431\u0438\u0440\u0430\u0435\u043c \u0438\u00a0\u0434\u043e\u0441\u0442\u0430\u0432\u043b\u044f\u0435\u043c \u0441\u0432\u0435\u0436\u0438\u0435, \u043a\u0430\u0447\u0435\u0441\u0442\u0432\u0435\u043d\u043d\u044b\u0435 \u043f\u0440\u043e\u0434\u0443\u043a\u0442\u044b \u0432\u00a0\u0434\u043e\u043c \u043a\u0430\u0436\u0434\u043e\u0433\u043e \u043d\u0430\u0448\u0435\u0433\u043e \u043a\u043b\u0438\u0435\u043d\u0442\u0430 \u0438\u0437\u00a0\u043a\u0440\u0443\u043f\u043d\u0435\u0439\u0448\u0438\u0445 \u0440\u0438\u0442\u0435\u0439\u043b\u0435\u0440\u043e\u0432 \u0423\u043a\u0440\u0430\u0438\u043d\u044b.\n\u041c\u044b\u00a0\u043c\u043e\u043b\u043e\u0434\u044b, \u0430\u043c\u0431\u0438\u0446\u0438\u043e\u0437\u043d\u044b \u0438\u00a0\u0443\u043d\u0438\u043a\u0430\u043b\u044c\u043d\u044b.\n\t\t\t\t\t", "company": "\u00a0ZAKAZ.UA", "city": 1, "site": 4, "specialty": 1, "timestamp": "2018-04-06"}}, {"model": "scraping.vacancy", "pk": 49, "fields": {"title": "Python Developer (WoWP)", "url": "https://jobs.dou.ua/companies/wargaming/vacancies/54357/?from=list_hot", "description": "\n\t\t\t\t\t\tPersha Studia, \u043a\u0438\u0435\u0432\u0441\u043a\u0430\u044f \u0441\u0442\u0443\u0434\u0438\u044f \u0440\u0430\u0437\u0440\u0430\u0431\u043e\u0442\u043a\u0438 \u043a\u043e\u043c\u043f\u0430\u043d\u0438\u0438 Wargaming, \u0438\u0449\u0435\u0442 Python Developer \u0434\u043b\u044f \u0440\u0430\u0431\u043e\u0442\u044b \u043d\u0430\u0434 \u043f\u0440\u043e\u0435\u043a\u0442\u043e\u043c World of\u00a0Warplanes\u00a02.0. (\u0441\u0435\u0439\u0447\u0430\u0441 \u0438\u0433\u0440\u0430 \u0432\u044b\u0433\u043b\u044f\u0434\u0438\u0442 \u0442\u0430\u043a: https://www.youtube.com/watch?v=hUsqQCFfuDA ).\n\t\t\t\t\t", "company": "\u00a0Wargaming.net", "city": 1, "site": 4, "specialty": 1, "timestamp": "2018-04-06"}}, {"model": "scraping.vacancy", "pk": 50, "fields": {"title": "Python Engineer (HighLoad)", "url": "https://jobs.dou.ua/companies/levi9/vacancies/61433/?from=list_hot", "description": "\n\t\t\t\t\t\tWe\u00a0are looking for skilled and experienced Python Engineer (HighLoad) for researching and developing software, algorithms and models for business intelligence within a\u00a0new Data Engineering team.\n\t\t\t\t\t", "company": "\u00a0Levi9 Ukraine", "city": 1, "site": 4, "specialty": 1, "timestamp": "2018-04-06"}}, {"model": "scraping.vacancy", "pk": 51, "fields": {"title": "Python developer", "url": "https://jobs.dou.ua/companies/looqme/vacancies/53313/?from=list_hot", "description": "\n\t\t\t\t\t\t\u041f\u0440\u0438\u0432\u0435\u0442!\n\n\u041c\u0435\u043d\u044f \u0437\u043e\u0432\u0443\u0442 \u0412\u0438\u0442\u0430\u043b\u0438\u043a \u0421\u0438\u0434\u043e\u0440\u0435\u043d\u043a\u043e, \u044f\u00a0CEO \u043a\u043e\u043c\u043f\u0430\u043d\u0438\u0438 LOOQME. \u041d\u0430\u0448 \u0441\u0435\u0440\u0432\u0438\u0441 \u043f\u043e\u043c\u043e\u0433\u0430\u0435\u0442 \u043a\u043e\u043c\u043f\u0430\u043d\u0438\u044f\u043c \u044d\u043a\u043e\u043d\u043e\u043c\u0438\u0442\u044c \u0432\u0440\u0435\u043c\u044f \u043d\u0430\u00a0\u0441\u0431\u043e\u0440\u0435 \u0434\u0430\u043d\u043d\u044b\u0445 \u0432\u00a0\u043c\u0435\u0434\u0438\u0430 \u0438\u00a0\u044d\u0444\u0444\u0435\u043a\u0442\u0438\u0432\u043d\u0435\u0435 \u0438\u0441\u043f\u043e\u043b\u044c\u0437\u043e\u0432\u0430\u0442\u044c \u0441\u0432\u043e\u0439 \u0440\u0435\u0441\u0443\u0440\u0441 \u043d\u0430\u00a0PR.\n\n\u041f\u043e\u0441\u043b\u0435\u0434\u043d\u0438\u0435 3\u00a0\u0433\u043e\u0434\u0430 \u043c\u044b\u00a0\u0430\u043a\u0442\u0438\u0432\u043d\u043e \u0440\u0430\u0437\u0440\u0430\u0431\u0430\u0442\u044b\u0432\u0430\u0435\u043c \u0441\u0432\u043e\u0439 \u043f\u0440\u043e\u0434\u0443\u043a\u0442, \u043a\u043e\u0442\u043e\u0440\u044b\u0439 \u043f\u043e\u0441\u0442\u043e\u044f\u043d\u043d\u043e \u0443\u043b\u0443\u0447\u0448\u0430\u0435\u043c \u0438\u00a0\u0434\u043e\u0440\u0430\u0431\u0430\u0442\u044b\u0432\u0430\u0435\u043c.\n\t\t\t\t\t", "company": "\u00a0LOOQME", "city": 1, "site": 4, "specialty": 1, "timestamp": "2018-04-06"}}, {"model": "scraping.vacancy", "pk": 52, "fields": {"title": "Strong middle Python developer", "url": "https://jobs.dou.ua/companies/lucky-labs/vacancies/60597/", "description": "\n\t\t\t\t\t\t\u0415\u0441\u043b\u0438 \u0432\u044b\u00a0Python \u0440\u0430\u0437\u0440\u0430\u0431\u043e\u0442\u0447\u0438\u043a, \u0432\u00a0\u043f\u043e\u0438\u0441\u043a\u0430\u0445 \u0438\u043d\u0442\u0435\u0440\u0435\u0441\u043d\u043e\u0433\u043e, \u0434\u0440\u0430\u0439\u0432\u043e\u0432\u043e\u0433\u043e \u043f\u0440\u043e\u0435\u043a\u0442\u0430 \u0441\u00a0\u0430\u0442\u043c\u043e\u0441\u0444\u0435\u0440\u043e\u0439 \u0441\u0442\u0430\u0440\u0442\u0430\u043f\u0430, \u0433\u0434\u0435 \u043c\u043e\u0436\u043d\u043e \u0440\u0435\u0430\u043b\u0438\u0437\u043e\u0432\u0430\u0442\u044c \u0441\u0432\u043e\u0438 \u0438\u0434\u0435\u0438 \u0438\u00a0\u043f\u0440\u043e\u0444\u0435\u0441\u0441\u0438\u043e\u043d\u0430\u043b\u044c\u043d\u044b\u0439 \u043f\u043e\u0442\u0435\u043d\u0446\u0438\u0430\u043b, \u043d\u043e\u00a0\u0432\u00a0\u0442\u043e\u00a0\u0436\u0435 \u0432\u0440\u0435\u043c\u044f \u0445\u043e\u0442\u0438\u0442\u0435 \u0441\u0442\u0430\u0431\u0438\u043b\u044c\u043d\u043e\u0441\u0442\u0438 \u0443\u0441\u043f\u0435\u0448\u043d\u043e\u0439 \u0438\u00a0\u0440\u0430\u0437\u0432\u0438\u0432\u0430\u044e\u0449\u0435\u0439\u0441\u044f \u043a\u043e\u043c\u043f\u0430\u043d\u0438\u0438, \u0442\u043e\u00a0\u0443\u00a0\u043d\u0430\u0441, \u0432\u00a0Lucky Labs \u0432\u044b\u00a0\u043d\u0430\u0439\u0434\u0451\u0442\u0435\u00a0\u0442\u043e, \u0447\u0442\u043e \u043d\u0443\u0436\u043d\u043e!\n\t\t\t\t\t", "company": "\u00a0Lucky Labs", "city": 1, "site": 4, "specialty": 1, "timestamp": "2018-04-06"}}, {"model": "scraping.vacancy", "pk": 53, "fields": {"title": "Junior Python Software Engineer (\u043a\u043e\u043c\u0430\u043d\u0434\u0430 Kabanchik)", "url": "https://jobs.dou.ua/companies/evo/vacancies/57270/", "description": "\n\t\t\t\t\t\t\u041f\u0440\u043e \u043f\u0440\u043e\u0435\u043a\u0442:\nKabanchik\u00a0\u2014 \u043e\u043d\u043b\u0430\u0439\u043d-\u0441\u0435\u0440\u0432\u0456\u0441 \u043f\u043e\u0448\u0443\u043a\u0443 \u043f\u0435\u0440\u0435\u0432\u0456\u0440\u0435\u043d\u0438\u0445 \u0444\u0430\u0445\u0456\u0432\u0446\u0456\u0432 \u0434\u043b\u044f \u043f\u043e\u0431\u0443\u0442\u043e\u0432\u0438\u0445 \u0456\u00a0\u0431\u0456\u0437\u043d\u0435\u0441 \u0437\u0430\u0432\u0434\u0430\u043d\u044c (\u043f\u0440\u043e\u0435\u043a\u0442\u0443 \u0432\u0436\u0435 \u043c\u0430\u0439\u0436\u0435 5\u00a0\u0440\u043e\u043a\u0456\u0432). \u0421\u0435\u0440\u0432\u0456\u0441 \u043e\u0431\u2019\u0454\u0434\u043d\u0443\u0454 \u0437\u0430\u043c\u043e\u0432\u043d\u0438\u043a\u0456\u0432, \u044f\u043a\u0438\u043c \u043f\u043e\u0442\u0440\u0456\u0431\u043d\u043e \u0432\u0438\u043a\u043e\u043d\u0430\u0442\u0438 \u0440\u043e\u0431\u043e\u0442\u0443, \u0456\u00a0\u0432\u0438\u043a\u043e\u043d\u0430\u0432\u0446\u0456\u0432, \u044f\u043a\u0456 \u0433\u043e\u0442\u043e\u0432\u0456 \u0457\u0457\u00a0\u0432\u0438\u043a\u043e\u043d\u0430\u0442\u0438 \u0437\u0430\u00a0\u0432\u0438\u043d\u0430\u0433\u043e\u0440\u043e\u0434\u0443.\n\t\t\t\t\t", "company": "\u00a0EVO", "city": 1, "site": 4, "specialty": 1, "timestamp": "2018-04-06"}}, {"model": "scraping.vacancy", "pk": 54, "fields": {"title": "Middle Python Developer for a\u00a0New-York eCommerce Company", "url": "https://jobs.dou.ua/companies/skein/vacancies/59883/", "description": "\n\t\t\t\t\t\tAn\u00a0eCommerce project Cools.com is\u00a0the leader in\u00a0the New York market. Our 12-strong team engineering team develops the COOLS Ecosystem which relies on\u00a0advanced technologies like ElasticSearch, ReactJS and Python backend.\n\t\t\t\t\t", "company": "\u00a0Skein", "city": 1, "site": 4, "specialty": 1, "timestamp": "2018-04-06"}}, {"model": "scraping.vacancy", "pk": 55, "fields": {"title": "Junior Python Developer", "url": "https://jobs.dou.ua/companies/robin8/vacancies/62877/", "description": "\n\t\t\t\t\t\tRobin8\u00a0\u2014 \u043a\u043e\u043c\u043f\u0430\u043d\u0438\u044f \u0441\u00a0\u0433\u043b\u0430\u0432\u043d\u044b\u043c \u043e\u0444\u0438\u0441\u043e\u043c \u0432\u00a0\u041d\u044c\u044e-\u0419\u043e\u0440\u043a\u0435 \u0440\u0430\u0437\u0440\u0430\u0431\u0430\u0442\u044b\u0432\u0430\u0435\u0442 \u043f\u0440\u043e\u0434\u0443\u043a\u0442\u044b \u043d\u0430\u00a0\u0431\u0430\u0437\u0435 \u0442\u0435\u0445\u043d\u043e\u043b\u043e\u0433\u0438\u0439 Blockchain.\n\t\t\t\t\t", "company": "\u00a0Robin8", "city": 1, "site": 4, "specialty": 1, "timestamp": "2018-04-06"}}, {"model": "scraping.vacancy", "pk": 56, "fields": {"title": "Middle Python Developer", "url": "https://jobs.dou.ua/companies/robin8/vacancies/62872/", "description": "\n\t\t\t\t\t\tRobin8 the USA Blockchain company with head office in\u00a0New York is\u00a0seeking python developers who like to\u00a0break things and stay on\u00a0the front lines of\u00a0emerging technology and disruptive innovation.\n\t\t\t\t\t", "company": "\u00a0Robin8", "city": 1, "site": 4, "specialty": 1, "timestamp": "2018-04-06"}}, {"model": "scraping.vacancy", "pk": 57, "fields": {"title": "Test Automation Engineer (Python)", "url": "https://jobs.dou.ua/companies/medical-ukraine-mwdn/vacancies/62840/", "description": "\n\t\t\t\t\t\tAbout the project\nComeet is\u00a0an\u00a0award winning collaborative hiring platform for high-growth companies.\nComeet was founded in\u00a02013 to\u00a0bring modern collaboration and workflow tools to\u00a0help high-growth companies build their global teams.\n\t\t\t\t\t", "company": "\u00a0MWDN", "city": 1, "site": 4, "specialty": 1, "timestamp": "2018-04-06"}}, {"model": "scraping.vacancy", "pk": 58, "fields": {"title": "Python programmer", "url": "https://jobs.dou.ua/companies/crytek-ukraine/vacancies/62792/", "description": "\n\t\t\t\t\t\tCrytek Ukraine is\u00a0announcing an\u00a0opening for Python programmer.\n\t\t\t\t\t", "company": "\u00a0Crytek Ukraine", "city": 1, "site": 4, "specialty": 1, "timestamp": "2018-04-06"}}, {"model": "scraping.vacancy", "pk": 59, "fields": {"title": "Junior/Middle Python Software Engineer (\u043f\u0440\u043e\u0435\u043a\u0442 Prom.ua)", "url": "https://jobs.dou.ua/companies/evo/vacancies/57978/", "description": "\n\t\t\t\t\t\t\u041a\u043e\u043c\u0430\u043d\u0434\u0430 BackOffice \u043f\u0440\u043e\u0435\u043a\u0442\u0443 Prom.ua \u0448\u0443\u043a\u0430\u0454 Junior/Middle Python Software Engineer\u2019a.\n\nProm.ua\u00a0\u2014 \u043f\u0440\u043e\u0432\u0456\u0434\u043d\u0438\u0439 \u0442\u043e\u0440\u0433\u043e\u0432\u0438\u0439 \u043c\u0430\u0439\u0434\u0430\u043d\u0447\u0438\u043a \u0432\u00a0\u0423\u043a\u0440\u0430\u0457\u043d\u0456, \u043c\u0430\u0439\u0436\u0435 40\u00a0\u0442\u0438\u0441 \u043f\u0440\u043e\u0434\u0430\u0432\u0446\u0456\u0432 \u0442\u0430\u00a090\u00a0\u043c\u043b\u043d \u043f\u0440\u043e\u043f\u043e\u0437\u0438\u0446\u0456\u0439, \u043a\u043e\u0436\u043d\u0430 5-\u0430 \u0433\u0440\u0438\u0432\u043d\u044f \u0432\u00a0\u0443\u0430\u043d\u0435\u0442\u0456 \u0432\u0438\u0442\u0440\u0430\u0447\u0430\u0454\u0442\u044c\u0441\u044f \u043d\u0430\u00a0\u043d\u0430\u0448\u0456\u0439 prom.ua.\n\t\t\t\t\t", "company": "\u00a0EVO", "city": 1, "site": 4, "specialty": 1, "timestamp": "2018-04-06"}}, {"model": "scraping.vacancy", "pk": 60, "fields": {"title": "Python Developer (Middle) at\u00a0Allset", "url": "https://jobs.dou.ua/companies/allset/vacancies/31404/", "description": "\n\t\t\t\t\t\tAllset (www.allsetnow.com) is\u00a0a\u00a0San Francisco-based company of\u00a0technology experts and forward thinkers with a\u00a0focus on\u00a0improving the restaurant dining experience.\n\t\t\t\t\t", "company": "\u00a0Allset", "city": 1, "site": 4, "specialty": 1, "timestamp": "2018-04-06"}}, {"model": "scraping.vacancy", "pk": 61, "fields": {"title": "Middle Python developer", "url": "https://jobs.dou.ua/companies/intersog/vacancies/62676/", "description": "\n\t\t\t\t\t\tWe\u2019re looking for a\u00a0mid-level Python developer comfortable working in\u00a0an\u00a0agile and fast-paced startup environment. Someone who delivers fast, with quality, and can follow the lead well. Our senior engineers will provide tech architecture oversight and code reviewing.\n\t\t\t\t\t", "company": "\u00a0Intersog", "city": 1, "site": 4, "specialty": 1, "timestamp": "2018-04-06"}}, {"model": "scraping.vacancy", "pk": 62, "fields": {"title": "Python Developer", "url": "https://jobs.dou.ua/companies/daxx-group/vacancies/63069/", "description": "\n\t\t\t\t\t\tAbout the customer:\nHow many employees and or\u00a0developers are there in\u00a0your company?\n>10\u00a0employees: 2\u00a0frontend developers, 1\u00a0backend, 1\u00a0senior (full stack) developer/architect, 1\u00a0content developer and 1\u00a0PO. Other employees provide customer support, sales and finance.\n\t\t\t\t\t", "company": "\u00a0Daxx BV", "city": 1, "site": 4, "specialty": 1, "timestamp": "2018-04-08"}}, {"model": "scraping.vacancy", "pk": 63, "fields": {"title": "Middle Full Stack Python Developer", "url": "https://jobs.dou.ua/companies/ncube/vacancies/63057/", "description": "\n\t\t\t\t\t\tWe\u00a0are looking for full-stack software engineers with strong technical background and analytical thinking to\u00a0participate in\u00a0building tools and UI\u2019s for customer\u2019s healthcare system, which analyzes and control your state remotely.\n\t\t\t\t\t", "company": "\u00a0NCube Ltd.", "city": 1, "site": 4, "specialty": 1, "timestamp": "2018-04-08"}}, {"model": "scraping.vacancy", "pk": 64, "fields": {"title": "Middle Python Developer", "url": "https://jobs.dou.ua/companies/playdom/vacancies/59956/", "description": "\n\t\t\t\t\t\t\u041a\u043e\u043c\u043f\u0430\u043d\u0438\u044f Playdom \u0432\u0445\u043e\u0434\u0438\u0442 \u0432\u00a0\u043c\u0435\u0436\u0434\u0443\u043d\u0430\u0440\u043e\u0434\u043d\u044b\u0439 \u0445\u043e\u043b\u0434\u0438\u043d\u0433, \u043a\u043e\u0442\u043e\u0440\u044b\u0439 \u0431\u043e\u043b\u0435\u0435 10\u00a0\u043b\u0435\u0442 \u0440\u0430\u0437\u0440\u0430\u0431\u0430\u0442\u044b\u0432\u0430\u0435\u0442 \u043c\u0430\u0440\u043a\u0435\u0442\u0438\u043d\u0433\u043e\u0432\u044b\u0439, \u0438\u0433\u0440\u043e\u0432\u043e\u0439 \u0438\u00a0\u0444\u0438\u043d\u0430\u043d\u0441\u043e\u0432\u044b\u0439 \u0441\u043e\u0444\u0442. \u041e\u0444\u0438\u0441\u044b \u0440\u0430\u0437\u0440\u0430\u0431\u043e\u0442\u043a\u0438 Playdom \u043d\u0430\u0445\u043e\u0434\u044f\u0442\u0441\u044f \u0432\u00a0\u0423\u043a\u0440\u0430\u0438\u043d\u0435 (\u041a\u0438\u0435\u0432), \u0413\u0440\u0443\u0437\u0438\u0438, \u041a\u0430\u0437\u0430\u0445\u0441\u0442\u0430\u043d\u0435, \u0420\u043e\u0441\u0441\u0438\u0438.\n\t\t\t\t\t", "company": "Playdom.network", "city": 1, "site": 4, "specialty": 1, "timestamp": "2018-04-08"}}, {"model": "auth.permission", "pk": 1, "fields": {"name": "Can add log entry", "content_type": 1, "codename": "add_logentry"}}, {"model": "auth.permission", "pk": 2, "fields": {"name": "Can change log entry", "content_type": 1, "codename": "change_logentry"}}, {"model": "auth.permission", "pk": 3, "fields": {"name": "Can delete log entry", "content_type": 1, "codename": "delete_logentry"}}, {"model": "auth.permission", "pk": 4, "fields": {"name": "Can add group", "content_type": 2, "codename": "add_group"}}, {"model": "auth.permission", "pk": 5, "fields": {"name": "Can change group", "content_type": 2, "codename": "change_group"}}, {"model": "auth.permission", "pk": 6, "fields": {"name": "Can delete group", "content_type": 2, "codename": "delete_group"}}, {"model": "auth.permission", "pk": 7, "fields": {"name": "Can add permission", "content_type": 3, "codename": "add_permission"}}, {"model": "auth.permission", "pk": 8, "fields": {"name": "Can change permission", "content_type": 3, "codename": "change_permission"}}, {"model": "auth.permission", "pk": 9, "fields": {"name": "Can delete permission", "content_type": 3, "codename": "delete_permission"}}, {"model": "auth.permission", "pk": 10, "fields": {"name": "Can add user", "content_type": 4, "codename": "add_user"}}, {"model": "auth.permission", "pk": 11, "fields": {"name": "Can change user", "content_type": 4, "codename": "change_user"}}, {"model": "auth.permission", "pk": 12, "fields": {"name": "Can delete user", "content_type": 4, "codename": "delete_user"}}, {"model": "auth.permission", "pk": 13, "fields": {"name": "Can add content type", "content_type": 5, "codename": "add_contenttype"}}, {"model": "auth.permission", "pk": 14, "fields": {"name": "Can change content type", "content_type": 5, "codename": "change_contenttype"}}, {"model": "auth.permission", "pk": 15, "fields": {"name": "Can delete content type", "content_type": 5, "codename": "delete_contenttype"}}, {"model": "auth.permission", "pk": 16, "fields": {"name": "Can add session", "content_type": 6, "codename": "add_session"}}, {"model": "auth.permission", "pk": 17, "fields": {"name": "Can change session", "content_type": 6, "codename": "change_session"}}, {"model": "auth.permission", "pk": 18, "fields": {"name": "Can delete session", "content_type": 6, "codename": "delete_session"}}, {"model": "auth.permission", "pk": 19, "fields": {"name": "Can add \u0410\u0434\u0440\u0435\u0441 \u0434\u043b\u044f \u043f\u043e\u0438\u0441\u043a\u0430", "content_type": 7, "codename": "add_url"}}, {"model": "auth.permission", "pk": 20, "fields": {"name": "Can change \u0410\u0434\u0440\u0435\u0441 \u0434\u043b\u044f \u043f\u043e\u0438\u0441\u043a\u0430", "content_type": 7, "codename": "change_url"}}, {"model": "auth.permission", "pk": 21, "fields": {"name": "Can delete \u0410\u0434\u0440\u0435\u0441 \u0434\u043b\u044f \u043f\u043e\u0438\u0441\u043a\u0430", "content_type": 7, "codename": "delete_url"}}, {"model": "auth.permission", "pk": 22, "fields": {"name": "Can add \u0421\u043f\u0435\u0446\u0438\u0430\u043b\u044c\u043d\u043e\u0441\u0442\u044c", "content_type": 8, "codename": "add_specialty"}}, {"model": "auth.permission", "pk": 23, "fields": {"name": "Can change \u0421\u043f\u0435\u0446\u0438\u0430\u043b\u044c\u043d\u043e\u0441\u0442\u044c", "content_type": 8, "codename": "change_specialty"}}, {"model": "auth.permission", "pk": 24, "fields": {"name": "Can delete \u0421\u043f\u0435\u0446\u0438\u0430\u043b\u044c\u043d\u043e\u0441\u0442\u044c", "content_type": 8, "codename": "delete_specialty"}}, {"model": "auth.permission", "pk": 25, "fields": {"name": "Can add \u0421\u0430\u0439\u0442", "content_type": 9, "codename": "add_site"}}, {"model": "auth.permission", "pk": 26, "fields": {"name": "Can change \u0421\u0430\u0439\u0442", "content_type": 9, "codename": "change_site"}}, {"model": "auth.permission", "pk": 27, "fields": {"name": "Can delete \u0421\u0430\u0439\u0442", "content_type": 9, "codename": "delete_site"}}, {"model": "auth.permission", "pk": 28, "fields": {"name": "Can add \u0413\u043e\u0440\u043e\u0434", "content_type": 10, "codename": "add_city"}}, {"model": "auth.permission", "pk": 29, "fields": {"name": "Can change \u0413\u043e\u0440\u043e\u0434", "content_type": 10, "codename": "change_city"}}, {"model": "auth.permission", "pk": 30, "fields": {"name": "Can delete \u0413\u043e\u0440\u043e\u0434", "content_type": 10, "codename": "delete_city"}}, {"model": "auth.permission", "pk": 31, "fields": {"name": "Can add \u0412\u0430\u043a\u0430\u043d\u0441\u0438\u044f", "content_type": 11, "codename": "add_vacancy"}}, {"model": "auth.permission", "pk": 32, "fields": {"name": "Can change \u0412\u0430\u043a\u0430\u043d\u0441\u0438\u044f", "content_type": 11, "codename": "change_vacancy"}}, {"model": "auth.permission", "pk": 33, "fields": {"name": "Can delete \u0412\u0430\u043a\u0430\u043d\u0441\u0438\u044f", "content_type": 11, "codename": "delete_vacancy"}}, {"model": "auth.user", "pk": 1, "fields": {"password": "pbkdf2_sha256$36000$BzxGtEwwHmwS$bwPOLodPK/p5oZC+J8B1eEduAI74ds1eRhgecKrhoLo=", "last_login": "2018-04-08T08:17:37.807Z", "is_superuser": true, "username": "service", "first_name": "", "last_name": "", "email": "kj2@ok.ih", "is_staff": true, "is_active": true, "date_joined": "2018-04-05T09:45:02.675Z", "groups": [], "user_permissions": []}}, {"model": "admin.logentry", "pk": 1, "fields": {"action_time": "2018-04-05T09:46:13.190Z", "user": 1, "content_type": 8, "object_id": "1", "object_repr": "Python", "action_flag": 1, "change_message": "[{\"added\": {}}]"}}, {"model": "admin.logentry", "pk": 2, "fields": {"action_time": "2018-04-05T09:46:48.972Z", "user": 1, "content_type": 10, "object_id": "1", "object_repr": "\u041a\u0438\u0435\u0432", "action_flag": 1, "change_message": "[{\"added\": {}}]"}}, {"model": "admin.logentry", "pk": 3, "fields": {"action_time": "2018-04-05T09:47:21.737Z", "user": 1, "content_type": 9, "object_id": "1", "object_repr": "Work.ua", "action_flag": 1, "change_message": "[{\"added\": {}}]"}}, {"model": "admin.logentry", "pk": 4, "fields": {"action_time": "2018-04-05T09:47:36.222Z", "user": 1, "content_type": 9, "object_id": "2", "object_repr": "Rabota.ua", "action_flag": 1, "change_message": "[{\"added\": {}}]"}}, {"model": "admin.logentry", "pk": 5, "fields": {"action_time": "2018-04-05T09:47:55.191Z", "user": 1, "content_type": 9, "object_id": "3", "object_repr": "Djinni.co", "action_flag": 1, "change_message": "[{\"added\": {}}]"}}, {"model": "admin.logentry", "pk": 6, "fields": {"action_time": "2018-04-05T09:48:05.269Z", "user": 1, "content_type": 9, "object_id": "4", "object_repr": "Dou.ua", "action_flag": 1, "change_message": "[{\"added\": {}}]"}}, {"model": "admin.logentry", "pk": 7, "fields": {"action_time": "2018-04-05T09:49:50.379Z", "user": 1, "content_type": 7, "object_id": "1", "object_repr": "\u0421\u043f\u0435\u0446\u0438\u0430\u043b\u044c\u043d\u043e\u0441\u0442\u044c Python \u0432 \u0433. \u041a\u0438\u0435\u0432 \u043d\u0430 \u0441\u0430\u0439\u0442\u0435 Work.ua", "action_flag": 1, "change_message": "[{\"added\": {}}]"}}, {"model": "admin.logentry", "pk": 8, "fields": {"action_time": "2018-04-05T09:50:50.036Z", "user": 1, "content_type": 7, "object_id": "2", "object_repr": "\u0421\u043f\u0435\u0446\u0438\u0430\u043b\u044c\u043d\u043e\u0441\u0442\u044c Python \u0432 \u0433. \u041a\u0438\u0435\u0432 \u043d\u0430 \u0441\u0430\u0439\u0442\u0435 Rabota.ua", "action_flag": 1, "change_message": "[{\"added\": {}}]"}}, {"model": "admin.logentry", "pk": 9, "fields": {"action_time": "2018-04-05T09:51:23.583Z", "user": 1, "content_type": 7, "object_id": "3", "object_repr": "\u0421\u043f\u0435\u0446\u0438\u0430\u043b\u044c\u043d\u043e\u0441\u0442\u044c Python \u0432 \u0433. \u041a\u0438\u0435\u0432 \u043d\u0430 \u0441\u0430\u0439\u0442\u0435 Djinni.co", "action_flag": 1, "change_message": "[{\"added\": {}}]"}}, {"model": "admin.logentry", "pk": 10, "fields": {"action_time": "2018-04-05T09:52:03.395Z", "user": 1, "content_type": 7, "object_id": "4", "object_repr": "\u0421\u043f\u0435\u0446\u0438\u0430\u043b\u044c\u043d\u043e\u0441\u0442\u044c Python \u0432 \u0433. \u041a\u0438\u0435\u0432 \u043d\u0430 \u0441\u0430\u0439\u0442\u0435 Dou.ua", "action_flag": 1, "change_message": "[{\"added\": {}}]"}}, {"model": "admin.logentry", "pk": 11, "fields": {"action_time": "2018-04-05T10:58:24.324Z", "user": 1, "content_type": 11, "object_id": "1", "object_repr": "Python Software Engineer (\u043a\u043e\u043c\u0430\u043d\u0434\u0430 Kabanchik)", "action_flag": 1, "change_message": "[{\"added\": {}}]"}}]